{"0": ["Jug"], "1": ["Jug", "Sidepull"], "2": ["Jug"], "3": ["Jug"], "4": ["Semi-Jug"], "5": ["Jug"], "6": ["Semi-Jug"], "7": ["Jug"], "8": ["Semi-Jug"], "9": ["Jug", "Sidepull"], "10": ["Crimp"], "11": ["Crimp"], "12": ["Semi-Jug"], "13": ["Pinch"], "14": ["Sidepull"], "15": ["Crimp"], "16": ["Crimp"], "17": ["Semi-Jug"], "18": ["Sloper"], "19": ["Crimp"], "20": ["Crimp"], "21": ["Crimp"], "22": ["Semi-Jug"], "23": ["Crimp"], "24": ["Jug"], "25": ["Crimp"], "26": ["Crimp"], "27": ["Jug"], "28": ["Semi-Jug"], "29": ["Crimp"], "30": ["Jug"], "31": ["Pinch"], "32": ["Sidepull"], "33": ["Foot"], "34": ["Foot"], "35": ["Foot"], "36": ["Foot"], "37": ["Foot"], "38": ["Foot"], "39": ["Jug", "Sidepull"], "40": ["Pinch"], "41": ["Crimp"], "42": ["Crimp", "Sidepull"], "43": ["Semi-Jug", "Sidepull"], "44": ["Crimp"], "45": ["Semi-Jug"], "46": ["Crimp", "Sidepull"], "47": ["Crimp"], "48": ["Jug", "Sidepull"], "49": ["Sloper"], "50": ["Foot"], "51": ["Foot"], "52": ["Foot"], "53": ["Foot"], "54": ["Foot"], "55": ["Foot"], "56": ["Crimp", "Sidepull"], "57": ["Jug"], "58": ["Crimp"], "59": ["Semi-Jug"], "60": ["Sidepull"], "61": ["Jug", "Sloper"], "62": ["Sidepull"], "63": ["Crimp"], "64": ["Crimp"], "65": ["Crimp"], "66": ["Crimp"], "67": ["Foot"], "68": ["Foot"], "69": ["Foot"], "70": ["Foot"], "71": ["Foot"], "72": ["Foot"], "73": ["Semi-Jug"], "74": ["Pinch"], "75": ["Semi-Jug"], "76": ["Jug"], "77": ["Crimp", "Pinch"], "78": ["Semi-Jug"], "79": ["Crimp"], "80": ["Undercling"], "81": ["Crimp", "Sidepull"], "82": ["Jug"], "83": ["Crimp"], "84": ["Foot"], "85": ["Foot"], "86": ["Foot"], "87": ["Foot"], "88": ["Foot"], "89": ["Foot"], "90": ["Jug", "Sidepull"], "91": ["Semi-Jug", "Sidepull"], "92": ["Crimp"], "93": ["Pinch"], "94": ["Semi-Jug"], "95": ["Pinch"], "96": ["Crimp"], "97": ["Pinch"], "98": ["Semi-Jug"], "99": ["Semi-Jug", "Sidepull"], "100": ["Sidepull"], "101": ["Foot"], "102": ["Foot"], "103": ["Foot"], "104": ["Foot"], "105": ["Foot"], "106": ["Foot"], "107": ["Pinch"], "108": ["Undercling"], "109": ["Crimp"], "110": ["Semi-Jug", "Sidepull"], "111": ["Crimp"], "112": ["Undercling"], "113": ["Crimp"], "114": ["Crimp", "Sidepull"], "115": ["Sloper"], "116": ["Jug", "Sidepull"], "117": ["Crimp"], "118": ["Foot"], "119": ["Foot"], "120": ["Foot"], "121": ["Foot"], "122": ["Foot"], "123": ["Foot"], "124": ["Jug"], "125": ["Jug"], "126": ["Crimp"], "127": ["Crimp"], "128": ["Crimp"], "129": ["Semi-Jug"], "130": ["Crimp"], "131": ["Crimp"], "132": ["Pinch"], "133": ["Crimp"], "134": ["Crimp", "Sidepull"], "135": ["Foot"], "136": ["Foot"], "137": ["Foot"], "138": ["Foot"], "139": ["Foot"], "140": ["Foot"], "141": ["Semi-Jug"], "142": ["Crimp"], "143": ["Semi-Jug"], "144": ["Pinch"], "145": ["Sloper"], "146": ["Jug"], "147": ["Sloper"], "148": ["Jug"], "149": ["Semi-Jug"], "150": ["Sidepull"], "151": ["Semi-Jug"], "152": ["Foot"], "153": ["Foot"], "154": ["Foot"], "155": ["Foot"], "156": ["Foot"], "157": ["Foot"], "158": ["Sloper"], "159": ["Crimp"], "160": ["Crimp"], "161": ["Crimp", "Sidepull"], "162": ["Pinch"], "163": ["Undercling"], "164": ["Crimp"], "165": ["Semi-Jug"], "166": ["Crimp"], "167": ["Jug"], "168": ["Sidepull"], "169": ["Foot"], "170": ["Foot"], "171": ["Foot"], "172": ["Foot"], "173": ["Foot"], "174": ["Foot"], "175": ["Jug", "Sidepull"], "176": ["Pinch"], "177": ["Crimp"], "178": ["Jug"], "179": ["Crimp"], "180": ["Jug"], "181": ["Crimp"], "182": ["Crimp", "Sidepull"], "183": ["Crimp"], "184": ["Jug"], "185": ["Crimp"], "186": ["Foot"], "187": ["Foot"], "188": ["Foot"], "189": ["Foot"], "190": ["Foot"], "191": ["Foot"], "192": ["Semi-Jug", "Sidepull"], "193": ["Undercling"], "194": ["Crimp", "Sidepull"], "195": ["Crimp"], "196": ["Crimp", "Sidepull"], "197": ["Sloper"], "198": ["Semi-Jug", "Sidepull"], "199": ["Undercling"], "200": ["Pinch"], "201": ["Undercling", "Sidepull"], "202": ["Semi-Jug"], "203": ["Foot"], "204": ["Foot"], "205": ["Foot"], "206": ["Foot"], "207": ["Foot"], "208": ["Foot"], "209": ["Jug"], "210": ["Jug"], "211": ["Jug"], "212": ["Undercling"], "213": ["Crimp"], "214": ["Semi-Jug"], "215": ["Undercling"], "216": ["Crimp"], "217": ["Jug"], "218": ["Semi-Jug"], "219": ["Jug"], "220": ["Foot"], "221": ["Foot"], "222": ["Foot"], "223": ["Foot"], "224": ["Foot"], "225": ["Foot"], "226": ["Jug"], "227": ["Semi-Jug"], "228": ["Crimp"], "229": ["Sidepull"], "230": ["Pinch"], "231": ["Undercling"], "232": ["Sloper"], "233": ["Crimp"], "234": ["Semi-Jug"], "235": ["Sidepull"], "236": ["Jug"], "237": ["Foot"], "238": ["Foot"], "239": ["Foot"], "240": ["Foot"], "241": ["Foot"], "242": ["Foot"], "243": ["Pinch", "Undercling"], "244": ["Crimp", "Pinch", "Sidepull"], "245": ["Jug", "Sidepull"], "246": ["Semi-Jug"], "247": ["Jug"], "248": ["Undercling"], "249": ["Semi-Jug"], "250": ["Undercling"], "251": ["Sidepull"], "252": ["Semi-Jug", "Pinch", "Sidepull"], "253": ["Crimp"], "254": ["Foot"], "255": ["Foot"], "256": ["Foot"], "257": ["Foot"], "258": ["Foot"], "259": ["Foot"], "260": ["Crimp"], "261": ["Semi-Jug"], "262": ["Undercling"], "263": ["Crimp"], "264": ["Undercling"], "265": ["Sidepull"], "266": ["Undercling"], "267": ["Sidepull"], "268": ["Sidepull"], "269": ["Undercling"], "270": ["Semi-Jug", "Sidepull"], "271": ["Foot"], "272": ["Foot"], "273": ["Foot"], "274": ["Foot"], "275": ["Foot"], "276": ["Foot"], "277": ["Semi-Jug"], "278": ["Sidepull"], "279": ["Crimp"], "280": ["Jug"], "281": ["Crimp"], "282": ["Sidepull"], "283": ["Pinch", "Sidepull"], "284": ["Sidepull"], "285": ["Sidepull"], "286": ["Pinch"], "287": ["Sidepull"], "288": ["Foot"], "289": ["Foot"], "290": ["Foot"], "291": ["Foot"], "292": ["Foot"], "293": ["Foot"], "294": ["Foot"], "295": ["Foot"], "296": ["Foot"], "297": ["Foot"], "298": ["Foot"], "299": ["Foot"], "300": ["Foot"], "301": ["Foot"], "302": ["Foot"], "303": ["Foot"], "304": ["Foot"], "305": ["Foot"], "306": ["Foot"], "307": ["Foot"], "308": ["Foot"], "309": ["Foot"], "310": ["Foot"]}